{"cameraMode":{"drawMode":0,"name":"Shaded","section":"Shading Mode"},"sceneLighting":false,"audioPlay":false,"sceneViewState":{"showFog":true,"showMaterialUpdate":false,"showSkybox":false,"showFlares":true,"showImageEffects":true,"showParticleSystems":true},"in2DMode":false,"pivot":{"x":-1.5257234573364258,"y":5.21211051940918,"z":-17.25889778137207},"rotation":{"x":0.18045049905776978,"y":-0.6878775358200073,"z":0.1828504502773285,"w":0.6788495779037476},"size":10.547011375427246,"orthographic":false}