{"cameraMode":{"drawMode":0,"name":"Shaded","section":"Shading Mode"},"sceneLighting":false,"audioPlay":false,"sceneViewState":{"showFog":true,"showMaterialUpdate":false,"showSkybox":false,"showFlares":true,"showImageEffects":true,"showParticleSystems":true},"in2DMode":false,"pivot":{"x":1.7799469232559205,"y":3.347029209136963,"z":-2.8343842029571535},"rotation":{"x":0.2876434922218323,"y":0.15537185966968537,"z":-0.047420646995306018,"w":0.9439053535461426},"size":1.2268695831298829,"orthographic":false}