{"cameraMode":{"drawMode":0,"name":"Shaded","section":"Shading Mode"},"sceneLighting":false,"audioPlay":false,"sceneViewState":{"showFog":true,"showMaterialUpdate":false,"showSkybox":false,"showFlares":true,"showImageEffects":true,"showParticleSystems":true},"in2DMode":false,"pivot":{"x":129.9985809326172,"y":106.80999755859375,"z":53.240047454833987},"rotation":{"x":-0.41718336939811709,"y":0.22846883535385133,"z":-0.10907196998596192,"w":-0.8728961944580078},"size":0.817861020565033,"orthographic":false}