{"cameraMode":{"drawMode":0,"name":"Shaded","section":"Shading Mode"},"sceneLighting":false,"audioPlay":false,"sceneViewState":{"showFog":true,"showMaterialUpdate":false,"showSkybox":false,"showFlares":true,"showImageEffects":true,"showParticleSystems":true},"in2DMode":false,"pivot":{"x":0.8117285370826721,"y":0.9964209794998169,"z":0.6710778474807739},"rotation":{"x":0.18584658205509187,"y":-0.6592903137207031,"z":0.17313534021377564,"w":0.7076939344406128},"size":2.8447554111480715,"orthographic":false}