{"cameraMode":{"drawMode":0,"name":"Shaded","section":"Shading Mode"},"sceneLighting":false,"audioPlay":false,"sceneViewState":{"showFog":true,"showMaterialUpdate":false,"showSkybox":false,"showFlares":true,"showImageEffects":true,"showParticleSystems":true},"in2DMode":false,"pivot":{"x":2.6006107330322267,"y":0.809999942779541,"z":0.02997814118862152},"rotation":{"x":0.0163260605186224,"y":0.8345246911048889,"z":-0.024816961959004403,"w":0.5502397418022156},"size":1.2247447967529297,"orthographic":false}