{"cameraMode":{"drawMode":0,"name":"Shaded","section":"Shading Mode"},"sceneLighting":true,"audioPlay":false,"sceneViewState":{"showFog":true,"showMaterialUpdate":false,"showSkybox":true,"showFlares":true,"showImageEffects":true,"showParticleSystems":true},"in2DMode":false,"pivot":{"x":128.50186157226563,"y":106.07769775390625,"z":53.64762496948242},"rotation":{"x":0.2956254482269287,"y":0.20029157400131226,"z":-0.06370946764945984,"w":0.93194180727005},"size":1.117861032485962,"orthographic":false}